{
  "r2": {
    "wages": 0.9914382915463704,
    "foot_traffic": 0.9880615163635668,
    "local_spending": 0.9847975130419262,
    "sales_tax": 0.9983324563371333
  },
  "mae": {
    "wages": 5153.898935556721,
    "foot_traffic": 166.77677669271,
    "local_spending": 9358.923495218456,
    "sales_tax": 273.36664441610515
  },
  "n_samples": 288
}